{
 "acc_macro": [
  0.04399255676378767
 ],
 "prec_macro": [
  0.06814718227988231
 ],
 "rec_macro": [
  0.05760315828042998
 ],
 "f1_macro": [
  0.06243311802961889
 ],
 "acc_micro": [
  0.35613800033495224
 ],
 "prec_micro": [
  0.632165683991478
 ],
 "rec_micro": [
  0.44922892754031407
 ],
 "f1_micro": [
  0.5252238345168262
 ],
 "rec_at_8": [
  0.3811105524781461
 ],
 "prec_at_8": [
  0.7033261802575107
 ],
 "f1_at_8": [
  0.4943488560261136
 ],
 "rec_at_15": [
  0.5292100826876739
 ],
 "prec_at_15": [
  0.5466176170038831
 ],
 "f1_at_15": [
  0.537773017698095
 ],
 "auc_macro": [
  0.8933071618821404
 ],
 "auc_micro": [
  0.9843559293629792
 ],
 "loss_dev": [
  0.005769021805443051
 ],
 "acc_macro_te": [
  0.04700212758229
 ],
 "prec_macro_te": [
  0.07648213128070384
 ],
 "rec_macro_te": [
  0.06332786033879309
 ],
 "f1_macro_te": [
  0.06928617435783062
 ],
 "acc_micro_te": [
  0.35040748093198204
 ],
 "prec_micro_te": [
  0.6278667041093325
 ],
 "rec_micro_te": [
  0.442257607226453
 ],
 "f1_micro_te": [
  0.5189655505909205
 ],
 "rec_at_8_te": [
  0.36450334327716577
 ],
 "prec_at_8_te": [
  0.6961373072360617
 ],
 "f1_at_8_te": [
  0.47847378986412614
 ],
 "rec_at_15_te": [
  0.5102998270281982
 ],
 "prec_at_15_te": [
  0.5461249505733491
 ],
 "f1_at_15_te": [
  0.5276049440000472
 ],
 "auc_macro_te": [
  0.8864692998176681
 ],
 "auc_micro_te": [
  0.9841852136642801
 ],
 "loss_test_te": [
  0.005969872952863607
 ],
 "loss_tr": [
  NaN
 ]
}